<meta>
	<info name="Admin" author="lil_Toady" type="misc" version="2.0" description="Administration panel" showInResourceBrowser="true" pages="http/screenshots.htm|Screenshots" noDefaultPage="true"/>
	<min_mta_version server="1.6.0-9.22195" />
	<!--
	WARNING: We give no support for edited
			 versions of the admin system.
	-->
	
	<!-- Enable OOP -->

	<oop>true</oop>
	
	<!-- Main script files, keep them in that order or it may break -->

	<script src="admin_definitions.lua" type="shared" cache="false"/>
	<script src="admin_coroutines.lua" type="shared" cache="false"/>
	
	<script src="server/admin_wrapper.lua" type="server"/>
	<script src="server/admin_session.lua" type="server"/>
	<script src="server/admin_proxy.lua" type="server"/>
	<script src="server/admin_functions.lua" type="server"/>
	<script src="server/admin_server.lua" type="server"/>
	<script src="server/admin_database.lua" type="server"/>
	<script src="server/admin_storage.lua" type="server"/>
	<script src="server/admin_sync.lua" type="server"/>
	<script src="server/admin_commands.lua" type="server"/>
	<script src="server/admin_ACL.lua" type="server"/>
	<script src="server/admin_bans.lua" type="server"/>
	<script src="server/admin_network.lua" type="server"/>
	<script src="server/admin_messagebox.lua" type="server"/>
	<script src="server/admin_screenshot.lua" type="server"/>
	
	<script src="client/admin_wrapper.lua" type="client" cache="false"/>
	<script src="client/admin_gui.lua" type="client" cache="false"/>
	<script src="client/admin_settings.lua" type="client" cache="false"/>
	<script src="client/admin_session.lua" type="client" cache="false"/>
	<script src="client/admin_proxy.lua" type="client" cache="false"/>
	<script src="client/main/admin.lua" type="client" cache="false"/>
	<script src="client/main/admin_players.lua" type="client" cache="false"/>
	<script src="client/main/admin_resources.lua" type="client" cache="false"/>
	<script src="client/main/admin_server.lua" type="client" cache="false"/>
	<script src="client/main/admin_bans.lua" type="client" cache="false"/>
	<script src="client/main/admin_chat.lua" type="client" cache="false"/>
	<script src="client/main/admin_network.lua" type="client" cache="false"/>
	<script src="client/main/admin_options.lua" type="client" cache="false"/>
	<script src="client/main/admin_acl.lua" type="client" cache="false"/>
	<script src="client/main/admin_map.lua" type="client" cache="false"/>
	<script src="client/widgets/admin_messagebox.lua" type="client" cache="false"/>
	<script src="client/widgets/admin_inputbox.lua" type="client" cache="false"/>
	<script src="client/widgets/admin_color.lua" type="client" cache="false"/>
	<script src="client/widgets/admin_performance.lua" type="client" cache="false"/>
	<script src="client/widgets/admin_permissions.lua" type="client" cache="false"/>
	<script src="client/widgets/admin_messages.lua" type="client" cache="false"/>
	<script src="client/widgets/admin_spectator.lua" type="client" cache="false"/>
	<script src="client/widgets/admin_editor.lua" type="client" cache="false"/>
	<script src="client/widgets/admin_team.lua" type="client" cache="false"/>
	<script src="client/widgets/admin_skin.lua" type="client" cache="false"/>
	<script src="client/widgets/admin_stats.lua" type="client" cache="false"/>
	<script src="client/widgets/admin_vehicle_upgrades.lua" type="client" cache="false"/>
	<script src="client/widgets/admin_vehicle.lua" type="client" cache="false"/>
	<script src="client/widgets/admin_interior.lua" type="client" cache="false"/>
	<script src="client/widgets/admin_screenshot.lua" type="client" cache="false"/>
	<script src="client/widgets/admin_server_conf.lua" type="client" cache="false" />
	<script src="client/widgets/admin_ban.lua" type="client" cache="false"/>
	<script src="client/widgets/admin_ban_details.lua" type="client" cache="false"/>
	<script src="client/widgets/admin_warp.lua" type="client" cache="false"/>
	<script src="client/widgets/admin_report.lua" type="client" cache="false"/>
	<script src="client/widgets/admin_weapon.lua" type="client" cache="false"/>
	
	<script src="shared/utils.lua" type="shared" cache="false"/>
	
	<html src="http/screenshots.htm"/>
	<html src="http/screenshot.htm"/>
	
	<export function="dataExchange" http="true"/>
	
	<!-- Required XML configs kept in /conf/ folder -->

	<config src="conf/interiors.xml" type="client"/>
	<config src="conf/weathers.xml" type="client"/>
	<config src="conf/upgrades.xml" type="client"/>
	<config src="conf/skins.xml" type="client"/>
	<config src="conf/weapons.xml" type="client"/>
	<config src="conf/stats.xml" type="client"/>
	<config src="conf/vehicles.xml" type="client"/>
	<config src="conf/messages.xml" type="server"/>
	<config src="conf/commands.xml" type="server"/>
	<config src="conf/ACL.xml" type="server"/>

	<!-- Images -->

	<file src="client/images/map.png"/>
	<file src="client/images/warning.png"/>
	<file src="client/images/error.png"/>
	<file src="client/images/question.png"/>
	<file src="client/images/info.png"/>
	<file src="client/images/dot.png"/>
	<file src="client/images/search.png"/>
	<file src="client/images/colorscheme.png"/>
	<file src="client/images/empty.png"/>
	<file src="client/images/palette.png"/>
	<file src="client/images/black.png"/>
	<file src="client/images/blue.png"/>
	
	<settings>
		<setting name="#pingkicker" value="0" group="Automatic scripts" friendlyname="Ping kicker" accept="0-1000" desc="Max ping allowed (0 - off)"/>
		<setting name="#fpskicker" value="0" group="Automatic scripts" friendlyname="FPS kicker" accept="0-100" desc="Lowest fps allowed: 25-75 (0 - off)"/>
		<setting name="#idlekicker" value="0" group="Automatic scripts" friendlyname="Idle Kicker" accept="0-100" desc="Maximum time a player can stay idle (minutes, 0 - off)."/>
		<setting name="#consolecommands" value="[true]" group="General" friendlyname="Enable console commands" accept="[true],[false]" desc="Parse console commands."/>
		<setting name="#adminChatCommandName" value="a" group="General" friendlyname="Admin chat command name" desc="The command name for admin chat."/>
		<setting name="*useip2c" value="true" friendlyname="useip2c" group="_Advanced" accept="true,false" desc="When enabled, ip2c resource runs and fetches player countries by IP."/>
	</settings>
</meta>